184.28.182.28,"AKAMAI-AS - Akamai Technologies, Inc., US"
23.205.152.71,"AKAMAI-AS - Akamai Technologies, Inc., US"
192.168.2.1,
13.35.125.83,"AMAZON-02 - Amazon.com, Inc., US"
13.35.125.112,"AMAZON-02 - Amazon.com, Inc., US"
99.84.224.55,"AMAZON-02 - Amazon.com, Inc., US"
99.84.224.30,"AMAZON-02 - Amazon.com, Inc., US"
99.84.224.41,"AMAZON-02 - Amazon.com, Inc., US"
17.125.249.5,"APPLE-ENGINEERING - Apple Inc., US"
216.58.194.206,"GOOGLE - Google LLC, US"
151.101.189.208,"FASTLY - Fastly, US"
17.57.144.116,"APPLE-ENGINEERING - Apple Inc., US"
35.165.180.187,"AMAZON-02 - Amazon.com, Inc., US"
104.84.224.44,"AKAMAI-AS - Akamai Technologies, Inc., US"
224.0.0.251,
23.197.96.254,"CMCS - Comcast Cable Communications, LLC, US"
52.39.8.230,"AMAZON-02 - Amazon.com, Inc., US"
17.248.128.235,"APPLE-ENGINEERING - Apple Inc., US"
17.248.128.175,"APPLE-ENGINEERING - Apple Inc., US"
17.248.128.174,"APPLE-ENGINEERING - Apple Inc., US"
13.35.125.113,"AMAZON-02 - Amazon.com, Inc., US"
104.84.224.202,"AKAMAI-AS - Akamai Technologies, Inc., US"
17.125.249.7,"APPLE-ENGINEERING - Apple Inc., US"
99.84.224.81,"AMAZON-02 - Amazon.com, Inc., US"
52.35.194.124,"AMAZON-02 - Amazon.com, Inc., US"
13.35.125.74,"AMAZON-02 - Amazon.com, Inc., US"
192.168.2.255,
172.217.6.42,"GOOGLE - Google LLC, US"
172.217.164.110,"GOOGLE - Google LLC, US"
192.168.1.126,
192.168.1.145,
192.168.1.110,
216.58.194.193,"GOOGLE - Google LLC, US"
216.58.195.74,"GOOGLE - Google LLC, US"
172.217.5.110,"GOOGLE - Google LLC, US"
172.217.164.106,"GOOGLE - Google LLC, US"
216.58.194.174,"GOOGLE - Google LLC, US"
172.217.164.109,"GOOGLE - Google LLC, US"
173.194.167.9,"GOOGLE - Google LLC, US"
172.217.6.46,"GOOGLE - Google LLC, US"
172.217.5.106,"GOOGLE - Google LLC, US"
216.58.194.195,"GOOGLE - Google LLC, US"
216.58.194.202,"GOOGLE - Google LLC, US"
172.217.164.99,"GOOGLE - Google LLC, US"
172.217.164.100,"GOOGLE - Google LLC, US"
172.217.6.67,"GOOGLE - Google LLC, US"
74.125.199.188,"GOOGLE - Google LLC, US"
172.217.6.74,"GOOGLE - Google LLC, US"
216.58.195.72,"GOOGLE - Google LLC, US"
172.217.6.66,"GOOGLE - Google LLC, US"
172.217.5.99,"GOOGLE - Google LLC, US"
216.58.194.170,"GOOGLE - Google LLC, US"
74.125.170.231,"GOOGLE - Google LLC, US"
172.217.6.69,"GOOGLE - Google LLC, US"
35.190.88.7,"GOOGLE - Google LLC, US"
74.122.190.78,"SQUARE - Square, Inc., US"
216.58.194.163,"GOOGLE - Google LLC, US"
216.58.194.196,"GOOGLE - Google LLC, US"
34.96.110.61,"GOOGLE - Google LLC, US"
52.216.142.68,"AMAZON-02 - Amazon.com, Inc., US"
151.101.41.49,"FASTLY - Fastly, US"
173.194.202.188,"GOOGLE - Google LLC, US"
172.217.5.101,"GOOGLE - Google LLC, US"
74.125.157.8,"GOOGLE - Google LLC, US"
173.194.166.107,"GOOGLE - Google LLC, US"
173.194.166.231,"GOOGLE - Google LLC, US"
216.58.195.78,"GOOGLE - Google LLC, US"
216.239.36.126,"GOOGLE - Google LLC, US"
18.215.65.194,"AMAZON-AES - Amazon.com, Inc., US"
172.217.0.46,"GOOGLE - Google LLC, US"
35.190.43.134,"GOOGLE - Google LLC, US"
130.211.46.74,"GOOGLE - Google LLC, US"
35.186.226.184,"GOOGLE - Google LLC, US"
216.58.194.162,"GOOGLE - Google LLC, US"
35.186.197.135,"GOOGLE - Google LLC, US"
172.217.6.84,"GOOGLE - Google LLC, US"
3.94.245.242,"AMAZON-AES - Amazon.com, Inc., US"
35.241.16.93,"GOOGLE - Google LLC, US"
35.227.237.213,"GOOGLE - Google LLC, US"
35.190.22.22,"GOOGLE - Google LLC, US"
13.35.125.89,"AMAZON-02 - Amazon.com, Inc., US"
216.58.195.80,"GOOGLE - Google LLC, US"
216.58.194.212,"GOOGLE - Google LLC, US"
52.2.91.33,"AMAZON-AES - Amazon.com, Inc., US"
17.125.249.6,"APPLE-ENGINEERING - Apple Inc., US"
216.58.194.179,"GOOGLE - Google LLC, US"
50.16.192.109,"AMAZON-AES - Amazon.com, Inc., US"
151.139.128.14,"HIGHWINDS3 - Highwinds Network Group, Inc., US"
157.240.22.19,"FACEBOOK - Facebook, Inc., US"
99.84.224.75,"AMAZON-02 - Amazon.com, Inc., US"
99.84.224.128,"AMAZON-02 - Amazon.com, Inc., US"
52.203.102.235,"AMAZON-AES - Amazon.com, Inc., US"
108.128.5.15,"AMAZON-02 - Amazon.com, Inc., US"
13.35.125.97,"AMAZON-02 - Amazon.com, Inc., US"
52.16.207.8,"AMAZON-02 - Amazon.com, Inc., US"
54.72.196.207,"AMAZON-02 - Amazon.com, Inc., US"
52.16.116.96,"AMAZON-02 - Amazon.com, Inc., US"
17.248.128.144,"APPLE-ENGINEERING - Apple Inc., US"
17.248.128.168,"APPLE-ENGINEERING - Apple Inc., US"
17.248.128.242,"APPLE-ENGINEERING - Apple Inc., US"
17.248.128.180,"APPLE-ENGINEERING - Apple Inc., US"
172.253.122.188,"GOOGLE - Google LLC, US"
52.94.224.113,"AMAZON-02 - Amazon.com, Inc., US"
13.226.223.75,"AMAZON-02 - Amazon.com, Inc., US"
52.94.234.30,"AMAZON-02 - Amazon.com, Inc., US"
52.46.137.51,"AMAZON-02 - Amazon.com, Inc., US"
52.46.157.76,"AMAZON-02 - Amazon.com, Inc., US"
13.226.196.62,"AMAZON-02 - Amazon.com, Inc., US"
23.197.96.98,"CMCS - Comcast Cable Communications, LLC, US"
52.94.236.25,"AMAZON-02 - Amazon.com, Inc., US"
224.0.0.22,
52.94.232.32,"AMAZON-02 - Amazon.com, Inc., US"
18.232.193.167,"AMAZON-AES - Amazon.com, Inc., US"
52.46.141.85,"AMAZON-02 - Amazon.com, Inc., US"
52.46.129.75,"AMAZON-02 - Amazon.com, Inc., US"
52.46.145.112,"AMAZON-02 - Amazon.com, Inc., US"
52.94.232.33,"AMAZON-02 - Amazon.com, Inc., US"
13.226.210.227,"AMAZON-02 - Amazon.com, Inc., US"
13.226.210.151,"AMAZON-02 - Amazon.com, Inc., US"
216.58.195.69,"GOOGLE - Google LLC, US"
52.46.158.193,"AMAZON-02 - Amazon.com, Inc., US"
72.21.215.251,"AMAZON-02 - Amazon.com, Inc., US"
52.94.236.223,"AMAZON-02 - Amazon.com, Inc., US"
54.236.102.25,"AMAZON-AES - Amazon.com, Inc., US"
54.239.29.46,"AMAZON-02 - Amazon.com, Inc., US"
52.94.238.120,"AMAZON-02 - Amazon.com, Inc., US"
52.46.156.186,"AMAZON-02 - Amazon.com, Inc., US"
52.46.133.160,"AMAZON-02 - Amazon.com, Inc., US"
13.226.219.47,"AMAZON-02 - Amazon.com, Inc., US"
72.21.206.141,"AMAZON-02 - Amazon.com, Inc., US"
52.119.164.214,"AMAZON-02 - Amazon.com, Inc., US"
54.239.29.0,"AMAZON-02 - Amazon.com, Inc., US"
54.239.17.112,"AMAZON-02 - Amazon.com, Inc., US"
23.204.57.231,"AKAMAI-AS - Akamai Technologies, Inc., US"
104.84.224.132,"AKAMAI-AS - Akamai Technologies, Inc., US"
108.161.188.128,"HIGHWINDS2 - Highwinds Network Group, Inc., US"
52.7.224.118,"AMAZON-AES - Amazon.com, Inc., US"
17.125.249.8,"APPLE-ENGINEERING - Apple Inc., US"
35.241.26.53,"GOOGLE - Google LLC, US"
35.241.22.100,"GOOGLE - Google LLC, US"
35.241.52.229,"GOOGLE - Google LLC, US"
152.195.55.192,"EDGECAST - MCI Communications Services, Inc. d/b/a Verizon Business, US"
23.197.99.219,"CMCS - Comcast Cable Communications, LLC, US"
23.197.50.250,"CMCS - Comcast Cable Communications, LLC, US"
47.246.23.233,"TAOBAO Zhejiang Taobao Network Co.,Ltd, CN"
104.86.184.129,"AKAMAI-AS - Akamai Technologies, Inc., US"
13.35.127.174,"AMAZON-02 - Amazon.com, Inc., US"
34.200.206.113,"AMAZON-AES - Amazon.com, Inc., US"
47.252.92.64,"CNNIC-ALIBABA-US-NET-AP Alibaba (US) Technology Co., Ltd., CN"
34.193.132.132,"AMAZON-AES - Amazon.com, Inc., US"
104.17.136.29,"CLOUDFLARENET - Cloudflare, Inc., US"
161.117.68.226,"CNNIC-ALIBABA-US-NET-AP Alibaba (US) Technology Co., Ltd., CN"
47.88.216.183,"CNNIC-ALIBABA-US-NET-AP Alibaba (US) Technology Co., Ltd., CN"
52.2.42.205,"AMAZON-AES - Amazon.com, Inc., US"
108.61.56.35,"AS-CHOOPA - Choopa, LLC, US"
99.84.231.193,"AMAZON-02 - Amazon.com, Inc., US"
23.96.16.219,"MICROSOFT-CORP-MSN-AS-BLOCK - Microsoft Corporation, US"
13.35.127.144,"AMAZON-02 - Amazon.com, Inc., US"
3.227.141.231,"AMAZON-AES - Amazon.com, Inc., US"
54.194.134.173,"AMAZON-02 - Amazon.com, Inc., US"
54.154.217.112,"AMAZON-02 - Amazon.com, Inc., US"
52.46.157.171,"AMAZON-02 - Amazon.com, Inc., US"
35.244.185.185,"GOOGLE - Google LLC, US"
157.240.22.35,"FACEBOOK - Facebook, Inc., US"
54.236.94.173,"AMAZON-AES - Amazon.com, Inc., US"
104.198.140.176,"GOOGLE - Google LLC, US"
13.35.125.111,"AMAZON-02 - Amazon.com, Inc., US"
52.200.250.41,"AMAZON-AES - Amazon.com, Inc., US"
69.16.175.10,"HIGHWINDS3 - Highwinds Network Group, Inc., US"
74.119.117.137,"AS-CRITEO - Criteo Corp., US"
104.84.226.231,"AKAMAI-AS - Akamai Technologies, Inc., US"
104.86.185.144,"AKAMAI-AS - Akamai Technologies, Inc., US"
52.209.60.254,"AMAZON-02 - Amazon.com, Inc., US"
35.227.198.107,"GOOGLE - Google LLC, US"
34.252.67.180,"AMAZON-02 - Amazon.com, Inc., US"
172.217.164.97,"GOOGLE - Google LLC, US"
34.203.170.45,"AMAZON-AES - Amazon.com, Inc., US"
172.217.10.35,"GOOGLE - Google LLC, US"
172.217.6.33,"GOOGLE - Google LLC, US"
23.197.50.58,"CMCS - Comcast Cable Communications, LLC, US"
52.203.19.101,"AMAZON-AES - Amazon.com, Inc., US"
74.125.103.42,"GOOGLE - Google LLC, US"
13.35.125.42,"AMAZON-02 - Amazon.com, Inc., US"
52.226.105.214,"MICROSOFT-CORP-MSN-AS-BLOCK - Microsoft Corporation, US"
172.217.6.78,"GOOGLE - Google LLC, US"
52.18.114.7,"AMAZON-02 - Amazon.com, Inc., US"
34.250.197.201,"AMAZON-02 - Amazon.com, Inc., US"
17.249.9.246,"APPLE-ENGINEERING - Apple Inc., US"
52.51.110.95,"AMAZON-02 - Amazon.com, Inc., US"
52.0.79.55,"AMAZON-AES - Amazon.com, Inc., US"
151.101.190.110,"FASTLY - Fastly, US"
107.178.251.134,"GOOGLE - Google LLC, US"
10.40.34.19,
34.192.81.145,"AMAZON-AES - Amazon.com, Inc., US"
205.185.216.42,"HIGHWINDS3 - Highwinds Network Group, Inc., US"
209.15.224.17,"COGECO-PEER1 - Cogeco Peer 1, CA"
99.84.224.22,"AMAZON-02 - Amazon.com, Inc., US"
99.84.239.222,"AMAZON-02 - Amazon.com, Inc., US"
104.211.27.92,"MICROSOFT-CORP-MSN-AS-BLOCK - Microsoft Corporation, US"
3.226.15.11,"AMAZON-AES - Amazon.com, Inc., US"
151.101.42.110,"FASTLY - Fastly, US"
35.186.207.75,"GOOGLE - Google LLC, US"
104.18.24.85,"CLOUDFLARENET - Cloudflare, Inc., US"
104.86.186.39,"AKAMAI-AS - Akamai Technologies, Inc., US"
63.251.109.138,"DOUBLE-VERIFY - DoubleVerify, Inc., US"
169.60.71.106,"SOFTLAYER - SoftLayer Technologies Inc., US"
54.85.107.181,"AMAZON-AES - Amazon.com, Inc., US"
23.197.96.127,"CMCS - Comcast Cable Communications, LLC, US"
185.151.204.51,
34.235.58.14,"AMAZON-AES - Amazon.com, Inc., US"
17.248.128.151,"APPLE-ENGINEERING - Apple Inc., US"
17.248.128.172,"APPLE-ENGINEERING - Apple Inc., US"
17.248.128.181,"APPLE-ENGINEERING - Apple Inc., US"
216.58.195.67,"GOOGLE - Google LLC, US"
91.199.212.52,"SECTIGO, GB"
104.18.225.52,"CLOUDFLARENET - Cloudflare, Inc., US"
23.23.91.95,"AMAZON-AES - Amazon.com, Inc., US"
52.207.105.68,"AMAZON-AES - Amazon.com, Inc., US"
13.35.125.34,"AMAZON-02 - Amazon.com, Inc., US"
99.84.224.23,"AMAZON-02 - Amazon.com, Inc., US"
172.217.0.42,"GOOGLE - Google LLC, US"
17.248.128.244,"APPLE-ENGINEERING - Apple Inc., US"
216.58.194.211,"GOOGLE - Google LLC, US"
52.216.88.141,"AMAZON-02 - Amazon.com, Inc., US"
52.38.79.123,"AMAZON-02 - Amazon.com, Inc., US"
3.94.37.247,"AMAZON-AES - Amazon.com, Inc., US"
172.217.164.115,"GOOGLE - Google LLC, US"
17.253.17.212,"APPLE-AUSTIN - Apple Inc., US"
13.35.125.53,"AMAZON-02 - Amazon.com, Inc., US"
172.217.5.112,"GOOGLE - Google LLC, US"
13.35.125.85,"AMAZON-02 - Amazon.com, Inc., US"
151.101.130.133,"FASTLY - Fastly, US"
151.101.190.133,"FASTLY - Fastly, US"
54.221.254.16,"AMAZON-AES - Amazon.com, Inc., US"
23.197.96.236,"CMCS - Comcast Cable Communications, LLC, US"
204.109.13.121,"BRAINTREEPAYMENTSOLUTIONS - Braintree Payment Solutions, LLC, US"
99.84.224.15,"AMAZON-02 - Amazon.com, Inc., US"
151.101.129.130,"FASTLY - Fastly, US"
64.4.251.12,"PAYPAL - PayPal, Inc., US"
34.209.100.148,"AMAZON-02 - Amazon.com, Inc., US"
173.0.92.36,"PAYPAL - PayPal, Inc., US"
99.84.224.126,"AMAZON-02 - Amazon.com, Inc., US"
34.215.86.81,"AMAZON-02 - Amazon.com, Inc., US"
52.7.120.75,"AMAZON-AES - Amazon.com, Inc., US"
173.0.93.240,"PAYPAL - PayPal, Inc., US"
13.35.125.67,"AMAZON-02 - Amazon.com, Inc., US"
13.35.125.122,"AMAZON-02 - Amazon.com, Inc., US"
151.101.2.217,"FASTLY - Fastly, US"
99.84.224.20,"AMAZON-02 - Amazon.com, Inc., US"
13.224.12.178,"AMAZON-02 - Amazon.com, Inc., US"
158.69.52.117,"OVH, FR"
52.216.114.115,"AMAZON-02 - Amazon.com, Inc., US"
184.25.56.149,"AKAMAI-ASN1, US"
184.25.56.125,"AKAMAI-ASN1, US"
151.101.190.113,"FASTLY - Fastly, US"
8.8.4.4,"GOOGLE - Google LLC, US"
23.197.96.131,"CMCS - Comcast Cable Communications, LLC, US"
23.197.50.9,"CMCS - Comcast Cable Communications, LLC, US"
54.229.251.230,"AMAZON-02 - Amazon.com, Inc., US"
23.197.50.43,"CMCS - Comcast Cable Communications, LLC, US"
23.197.51.50,"CMCS - Comcast Cable Communications, LLC, US"
23.197.50.42,"CMCS - Comcast Cable Communications, LLC, US"
184.25.56.147,"AKAMAI-ASN1, US"
47.252.50.202,"CNNIC-ALIBABA-US-NET-AP Alibaba (US) Technology Co., Ltd., CN"
104.96.118.82,"CMCS - Comcast Cable Communications, LLC, US"
192.229.211.232,"EDGECAST - MCI Communications Services, Inc. d/b/a Verizon Business, US"
23.197.50.34,"CMCS - Comcast Cable Communications, LLC, US"
23.197.50.40,"CMCS - Comcast Cable Communications, LLC, US"
184.25.56.139,"AKAMAI-ASN1, US"
23.197.50.56,"CMCS - Comcast Cable Communications, LLC, US"
18.205.220.41,"AMAZON-AES - Amazon.com, Inc., US"
52.22.132.21,"AMAZON-AES - Amazon.com, Inc., US"
172.217.0.33,"GOOGLE - Google LLC, US"
52.41.222.141,"AMAZON-02 - Amazon.com, Inc., US"
172.217.6.68,"GOOGLE - Google LLC, US"
216.58.194.198,"GOOGLE - Google LLC, US"
172.217.5.98,"GOOGLE - Google LLC, US"
52.94.232.0,"AMAZON-02 - Amazon.com, Inc., US"
172.230.190.127,"AKAMAI-ASN1, US"
199.102.46.73,"MONTICELLO - Monticello Networks, Inc., US"
34.203.24.224,"AMAZON-AES - Amazon.com, Inc., US"
54.175.67.122,"AMAZON-AES - Amazon.com, Inc., US"
54.147.218.171,"AMAZON-AES - Amazon.com, Inc., US"
72.21.206.140,"AMAZON-02 - Amazon.com, Inc., US"
3.224.197.180,"AMAZON-AES - Amazon.com, Inc., US"
13.224.29.20,"AMAZON-02 - Amazon.com, Inc., US"
13.226.210.13,"AMAZON-02 - Amazon.com, Inc., US"
54.84.100.12,"AMAZON-AES - Amazon.com, Inc., US"
52.210.72.207,"AMAZON-02 - Amazon.com, Inc., US"
18.200.151.201,"AMAZON-02 - Amazon.com, Inc., US"
13.224.29.33,"AMAZON-02 - Amazon.com, Inc., US"
52.7.225.53,"AMAZON-AES - Amazon.com, Inc., US"
35.190.5.180,"GOOGLE - Google LLC, US"
130.211.205.245,"GOOGLE - Google LLC, US"
205.185.216.10,"HIGHWINDS3 - Highwinds Network Group, Inc., US"
52.206.47.58,"AMAZON-AES - Amazon.com, Inc., US"
47.89.136.247,"CNNIC-ALIBABA-US-NET-AP Alibaba (US) Technology Co., Ltd., CN"
34.240.196.42,"AMAZON-02 - Amazon.com, Inc., US"
184.25.56.213,"AKAMAI-ASN1, US"
172.217.24.67,"GOOGLE - Google LLC, US"
13.68.180.228,"MICROSOFT-CORP-MSN-AS-BLOCK - Microsoft Corporation, US"
104.20.6.156,"CLOUDFLARENET - Cloudflare, Inc., US"
104.17.65.4,"CLOUDFLARENET - Cloudflare, Inc., US"
34.234.115.214,"AMAZON-AES - Amazon.com, Inc., US"
104.254.149.100,"ASN-APPNEXUS - AppNexus, Inc, US"
52.89.42.198,"AMAZON-02 - Amazon.com, Inc., US"
13.57.106.239,"AMAZON-02 - Amazon.com, Inc., US"
107.178.246.49,"GOOGLE - Google LLC, US"
104.84.224.91,"AKAMAI-AS - Akamai Technologies, Inc., US"
23.212.24.190,"AKAMAI-AS - Akamai Technologies, Inc., US"
17.248.128.182,"APPLE-ENGINEERING - Apple Inc., US"
50.19.120.254,"AMAZON-AES - Amazon.com, Inc., US"
13.35.125.62,"AMAZON-02 - Amazon.com, Inc., US"
104.196.190.76,"GOOGLE - Google LLC, US"
23.197.50.59,"CMCS - Comcast Cable Communications, LLC, US"
17.248.128.178,"APPLE-ENGINEERING - Apple Inc., US"
172.217.6.37,"GOOGLE - Google LLC, US"
74.125.142.188,"GOOGLE - Google LLC, US"
13.35.125.129,"AMAZON-02 - Amazon.com, Inc., US"
174.129.234.224,"AMAZON-AES - Amazon.com, Inc., US"
13.35.125.92,"AMAZON-02 - Amazon.com, Inc., US"
143.204.128.153,"AMAZON-02 - Amazon.com, Inc., US"
34.246.76.101,"AMAZON-02 - Amazon.com, Inc., US"
52.49.94.193,"AMAZON-02 - Amazon.com, Inc., US"
34.199.223.11,"AMAZON-AES - Amazon.com, Inc., US"
23.208.144.28,"AKAMAI-AS - Akamai Technologies, Inc., US"
157.240.22.25,"FACEBOOK - Facebook, Inc., US"
216.58.194.166,"GOOGLE - Google LLC, US"
172.217.164.98,"GOOGLE - Google LLC, US"
74.125.142.154,"GOOGLE - Google LLC, US"
216.58.194.164,"GOOGLE - Google LLC, US"
151.101.190.49,"FASTLY - Fastly, US"
52.209.115.41,"AMAZON-02 - Amazon.com, Inc., US"
198.60.22.240,"XMISSION - XMission, L.C., US"
52.54.126.153,"AMAZON-AES - Amazon.com, Inc., US"
52.17.174.36,"AMAZON-02 - Amazon.com, Inc., US"
192.48.236.12,"MOPUB - MoPub, Inc., US"
34.199.175.158,"AMAZON-AES - Amazon.com, Inc., US"
52.219.112.72,"AMAZON-02 - Amazon.com, Inc., US"
3.13.98.118,"AMAZON-02 - Amazon.com, Inc., US"
34.239.52.209,"AMAZON-AES - Amazon.com, Inc., US"
203.205.239.188,"TENCENT-NET-AP-CN Tencent Building, Kejizhongyi Avenue, CN"
13.224.29.4,"AMAZON-02 - Amazon.com, Inc., US"
52.51.161.169,"AMAZON-02 - Amazon.com, Inc., US"
63.34.250.38,"AMAZON-02 - Amazon.com, Inc., US"
13.224.29.82,"AMAZON-02 - Amazon.com, Inc., US"
3.19.224.162,"AMAZON-02 - Amazon.com, Inc., US"
23.197.50.106,"CMCS - Comcast Cable Communications, LLC, US"
104.86.186.42,"AKAMAI-AS - Akamai Technologies, Inc., US"
17.167.192.231,"APPLE-ENGINEERING - Apple Inc., US"
52.217.37.6,"AMAZON-02 - Amazon.com, Inc., US"
172.217.5.104,"GOOGLE - Google LLC, US"
17.253.17.207,"APPLE-AUSTIN - Apple Inc., US"
52.213.193.55,"AMAZON-02 - Amazon.com, Inc., US"
54.222.60.218,"BJ-GUANGHUAN-AP Beijing Guanghuan Xinwang Digital, CN"
99.84.238.142,"AMAZON-02 - Amazon.com, Inc., US"
23.197.97.95,"CMCS - Comcast Cable Communications, LLC, US"
99.84.239.101,"AMAZON-02 - Amazon.com, Inc., US"
23.197.97.91,"CMCS - Comcast Cable Communications, LLC, US"
52.94.218.233,"AMAZON-02 - Amazon.com, Inc., US"
99.84.236.234,"AMAZON-02 - Amazon.com, Inc., US"
23.197.97.79,"CMCS - Comcast Cable Communications, LLC, US"
143.204.132.182,"AMAZON-02 - Amazon.com, Inc., US"
52.95.116.117,"AMAZON-02 - Amazon.com, Inc., US"
143.204.135.203,"AMAZON-02 - Amazon.com, Inc., US"
54.239.33.93,"AMAZON-02 - Amazon.com, Inc., US"
99.84.238.201,"AMAZON-02 - Amazon.com, Inc., US"
23.197.97.70,"CMCS - Comcast Cable Communications, LLC, US"
52.94.226.161,"AMAZON-02 - Amazon.com, Inc., US"
23.197.97.76,"CMCS - Comcast Cable Communications, LLC, US"
52.46.158.51,"AMAZON-02 - Amazon.com, Inc., US"
34.205.124.48,"AMAZON-AES - Amazon.com, Inc., US"
72.21.195.65,"AMAZON-02 - Amazon.com, Inc., US"
52.46.134.16,"AMAZON-02 - Amazon.com, Inc., US"
107.22.214.249,"AMAZON-AES - Amazon.com, Inc., US"
107.22.213.188,"AMAZON-AES - Amazon.com, Inc., US"
99.84.231.208,"AMAZON-02 - Amazon.com, Inc., US"
52.119.162.179,"AMAZON-02 - Amazon.com, Inc., US"
52.94.224.25,"AMAZON-02 - Amazon.com, Inc., US"
13.35.127.36,"AMAZON-02 - Amazon.com, Inc., US"
34.204.58.74,"AMAZON-AES - Amazon.com, Inc., US"
52.94.241.34,"AMAZON-02 - Amazon.com, Inc., US"
72.21.91.29,"EDGECAST - MCI Communications Services, Inc. d/b/a Verizon Business, US"
52.46.137.70,"AMAZON-02 - Amazon.com, Inc., US"
52.203.214.242,"AMAZON-AES - Amazon.com, Inc., US"
13.35.125.88,"AMAZON-02 - Amazon.com, Inc., US"
72.21.207.143,"AMAZON-02 - Amazon.com, Inc., US"
99.84.231.104,"AMAZON-02 - Amazon.com, Inc., US"
35.190.10.112,"GOOGLE - Google LLC, US"
184.51.83.129,"CMCS - Comcast Cable Communications, LLC, US"
104.86.200.137,"CMCS - Comcast Cable Communications, LLC, US"
151.101.190.217,"FASTLY - Fastly, US"
151.101.42.133,"FASTLY - Fastly, US"
52.248.89.84,"MICROSOFT-CORP-MSN-AS-BLOCK - Microsoft Corporation, US"
54.225.242.15,"AMAZON-AES - Amazon.com, Inc., US"
34.249.32.95,"AMAZON-02 - Amazon.com, Inc., US"
52.30.164.183,"AMAZON-02 - Amazon.com, Inc., US"
54.149.206.208,"AMAZON-02 - Amazon.com, Inc., US"
52.18.180.208,"AMAZON-02 - Amazon.com, Inc., US"
104.96.105.72,"CMCS - Comcast Cable Communications, LLC, US"
172.217.0.34,"GOOGLE - Google LLC, US"
52.3.137.185,"AMAZON-AES - Amazon.com, Inc., US"
216.58.195.66,"GOOGLE - Google LLC, US"
74.125.20.100,"GOOGLE - Google LLC, US"
172.217.6.70,"GOOGLE - Google LLC, US"
152.195.50.104,"EDGECAST - MCI Communications Services, Inc. d/b/a Verizon Business, US"
104.86.199.114,"CMCS - Comcast Cable Communications, LLC, US"
3.248.145.242,"AMAZON-02 - Amazon.com, Inc., US"
34.236.163.93,"AMAZON-AES - Amazon.com, Inc., US"
99.84.224.110,"AMAZON-02 - Amazon.com, Inc., US"
72.167.18.239,"AS-26496-GO-DADDY-COM-LLC - GoDaddy.com, LLC, US"
13.35.125.96,"AMAZON-02 - Amazon.com, Inc., US"
23.23.99.240,"AMAZON-AES - Amazon.com, Inc., US"
35.172.148.46,"AMAZON-AES - Amazon.com, Inc., US"
99.84.224.18,"AMAZON-02 - Amazon.com, Inc., US"
151.101.66.217,"FASTLY - Fastly, US"
99.84.224.26,"AMAZON-02 - Amazon.com, Inc., US"
167.114.119.127,"OVH, FR"
104.244.42.136,"TWITTER - Twitter Inc., US"
104.244.42.133,"TWITTER - Twitter Inc., US"
104.244.42.67,"TWITTER - Twitter Inc., US"
173.194.167.10,"GOOGLE - Google LLC, US"
52.38.206.65,"AMAZON-02 - Amazon.com, Inc., US"
69.171.250.25,"FACEBOOK - Facebook, Inc., US"
23.197.50.73,"CMCS - Comcast Cable Communications, LLC, US"
104.84.224.117,"AKAMAI-AS - Akamai Technologies, Inc., US"
72.21.91.66,"EDGECAST - MCI Communications Services, Inc. d/b/a Verizon Business, US"
66.135.214.209,"EBAY - eBay, Inc, US"
172.230.106.104,
104.86.214.109,"CMCS - Comcast Cable Communications, LLC, US"
104.86.88.239,"AKAMAI-AS - Akamai Technologies, Inc., US"
172.217.6.65,"GOOGLE - Google LLC, US"
216.58.195.68,"GOOGLE - Google LLC, US"
17.57.144.117,"APPLE-ENGINEERING - Apple Inc., US"
17.173.65.91,"APPLE-ENGINEERING - Apple Inc., US"
172.217.0.35,"GOOGLE - Google LLC, US"
17.248.128.239,"APPLE-ENGINEERING - Apple Inc., US"
17.248.128.232,"APPLE-ENGINEERING - Apple Inc., US"
17.248.128.150,"APPLE-ENGINEERING - Apple Inc., US"
17.253.5.202,"APPLE-AUSTIN - Apple Inc., US"
17.248.128.177,"APPLE-ENGINEERING - Apple Inc., US"
209.206.41.151,"ROBLOX-PRODUCTION - Roblox, US"
104.75.125.178,"AKAMAI-AS - Akamai Technologies, Inc., US"
128.116.113.156,"ROBLOX-PRODUCTION - Roblox, US"
128.116.112.188,"ROBLOX-PRODUCTION - Roblox, US"
128.116.113.66,"ROBLOX-PRODUCTION - Roblox, US"
128.116.112.34,"ROBLOX-PRODUCTION - Roblox, US"
18.203.227.103,"AMAZON-02 - Amazon.com, Inc., US"
128.116.113.128,"ROBLOX-PRODUCTION - Roblox, US"
128.116.112.166,"ROBLOX-PRODUCTION - Roblox, US"
208.111.149.222,"LLNW - Limelight Networks, Inc., US"
143.204.133.3,"AMAZON-02 - Amazon.com, Inc., US"
128.116.113.38,"ROBLOX-PRODUCTION - Roblox, US"
99.84.234.4,"AMAZON-02 - Amazon.com, Inc., US"
128.116.112.76,"ROBLOX-PRODUCTION - Roblox, US"
128.116.112.66,"ROBLOX-PRODUCTION - Roblox, US"
128.116.112.244,"ROBLOX-PRODUCTION - Roblox, US"
128.116.112.30,"ROBLOX-PRODUCTION - Roblox, US"
128.116.112.73,"ROBLOX-PRODUCTION - Roblox, US"
209.206.41.44,"ROBLOX-PRODUCTION - Roblox, US"
52.215.110.88,"AMAZON-02 - Amazon.com, Inc., US"
128.116.112.44,"ROBLOX-PRODUCTION - Roblox, US"
128.116.113.18,"ROBLOX-PRODUCTION - Roblox, US"
128.116.112.78,"ROBLOX-PRODUCTION - Roblox, US"
209.206.41.81,"ROBLOX-PRODUCTION - Roblox, US"
128.116.112.232,"ROBLOX-PRODUCTION - Roblox, US"
209.206.41.62,"ROBLOX-PRODUCTION - Roblox, US"
128.116.112.41,"ROBLOX-PRODUCTION - Roblox, US"
128.116.113.6,"ROBLOX-PRODUCTION - Roblox, US"
23.197.50.112,"CMCS - Comcast Cable Communications, LLC, US"
23.197.50.89,"CMCS - Comcast Cable Communications, LLC, US"
209.206.41.24,"ROBLOX-PRODUCTION - Roblox, US"
128.116.112.82,"ROBLOX-PRODUCTION - Roblox, US"
128.116.29.15,"ROBLOX-PRODUCTION - Roblox, US"
128.116.112.192,"ROBLOX-PRODUCTION - Roblox, US"
54.165.151.168,"AMAZON-AES - Amazon.com, Inc., US"
128.116.113.172,"ROBLOX-PRODUCTION - Roblox, US"
23.23.174.148,"AMAZON-AES - Amazon.com, Inc., US"
74.122.190.76,"SQUARE - Square, Inc., US"
74.122.190.91,"SQUARE - Square, Inc., US"
52.216.178.43,"AMAZON-02 - Amazon.com, Inc., US"
151.101.189.49,"FASTLY - Fastly, US"
13.35.125.16,"AMAZON-02 - Amazon.com, Inc., US"
13.226.238.54,"AMAZON-02 - Amazon.com, Inc., US"
13.35.125.51,"AMAZON-02 - Amazon.com, Inc., US"
151.101.41.208,"FASTLY - Fastly, US"
35.160.52.47,"AMAZON-02 - Amazon.com, Inc., US"
99.84.224.11,"AMAZON-02 - Amazon.com, Inc., US"
13.226.219.125,"AMAZON-02 - Amazon.com, Inc., US"
13.226.219.62,"AMAZON-02 - Amazon.com, Inc., US"
52.10.224.112,"AMAZON-02 - Amazon.com, Inc., US"
13.35.125.26,"AMAZON-02 - Amazon.com, Inc., US"
17.248.128.173,"APPLE-ENGINEERING - Apple Inc., US"
239.255.255.250,
74.125.195.188,"GOOGLE - Google LLC, US"
172.217.5.109,"GOOGLE - Google LLC, US"
173.194.166.104,"GOOGLE - Google LLC, US"
17.248.128.152,"APPLE-ENGINEERING - Apple Inc., US"
74.125.170.202,"GOOGLE - Google LLC, US"
74.125.197.139,"GOOGLE - Google LLC, US"
74.125.103.39,"GOOGLE - Google LLC, US"
216.58.194.214,"GOOGLE - Google LLC, US"
74.125.170.122,"GOOGLE - Google LLC, US"
173.194.166.233,"GOOGLE - Google LLC, US"
173.194.166.234,"GOOGLE - Google LLC, US"
